sistema;ano;Dimensao;Pontuacao_Maxima_Dimensao;Capacidade_Chave;Pontuacao_Maxima_Capacidadclave;Nomble de la variable;Numero_Questao;Questao;Respuesta;Pontuacao_Maxima_Questao;Pontuação_item;
chile;2025;Dimensión Recursos institucionales;20;Talento humano;6;Multidiciplina;1A;Durante o período analisado, quantas pessoas trabalharam na instituição?;Respuesta numérica. Levantamiento administrativo.;1;0;
chile;2025;Dimensión Recursos institucionales;20;Talento humano;6;Multidiciplina;1;Durante o período analisado, quantos programas de formação ou profissões diferentes estavam presentes na instituição?;A. Entre 1 y 10 B. Entre 11 y 20 C. Entre 21 y 30 D. Entre 31 y 40 D. Entre 31 y 40 E. Entre 41 y 50 F. Entre 51 y 60 G. Entre 61 y 70 H. Entre 71 y 80 I. Entre 81 y 90 J. Más de 90;1;"0.4; 0.4; 0.6; 0.6; 0.6; 0.8; 0.8; 0.8; 1; 1";Información adicional necesaria
chile;2025;Dimensión Recursos institucionales;20;Talento humano;6;Multidiciplina;2;Durante o período analisado, a instituição contava com pessoas dedicadas principalmente a funções relacionadas à inovação pública, como design de serviços, experiência do usuário, ciência comportamental ou gestão de mudanças?;"Resposta única. A. Sim; B. Não (Ir para a questão 3)";1;1;
chile;2025;Dimensión Recursos institucionales;20;Talento humano;6;Multidiciplina;2.1;Quantas pessoas em sua instituição estavam envolvidas principalmente em funções relacionadas à inovação pública, como design de serviços, experiência do usuário, ciência comportamental ou gestão de mudanças?;Si contestó que sí en la pregunta anterior. Respuesta numérica.;1;1;Información adicional necesaria
chile;2025;Dimensión Recursos institucionales;20;Talento humano;6;Multidiciplina;2.2;Das pessoas declaradas na questão 2.1, quantas são mulheres?;Si contestó que sí en la pregunta 2. Respuesta numérica;0;0;
chile;2025;Dimensión Recursos institucionales;20;Talento humano;6;Multidiciplina;2.3;Das pessoas declaradas na questão 2.1, quantas são homens?;Si contestó que sí en la pregunta 2. Respuesta numérica;0;0;
chile;2025;Dimensión Recursos institucionales;20;Talento humano;6;Capacitação em inovação;3;Durante o período analisado, foram realizadas sessões de treinamento relacionadas à inovação para os funcionários da instituição?;"Resposta única. A. Sim; B. Não (Ir para a questão 4)";0;0;
chile;2025;Dimensión Recursos institucionales;20;Talento humano;6;Capacitação em inovação;3.1;Durante o período analisado, quantas pessoas receberam treinamento em temas relacionados à inovação?;Si contestó que sí en la pregunta anterior.;1;1;Información adicional necesaria
;;;20;;;;;;Resposta númerica;;;
chile;2025;Dimensión Recursos institucionales;20;Talento humano;;Capacitação em inovação;3.2;Que mecanismos de apoio ou promoção da formação em inovação a instituição implementou durante o período mencionado?;Se você respondeu sim à pergunta 3, selecione uma única resposta: A. Financiamento para treinamento. B. Alocação de horas de trabalho. C. Horário de trabalho flexível. D. Financiamento, horário de trabalho flexível e alocação de horas de trabalho para treinamento.;0.5;"0.3; 0.3; 0.2; 05";
chile;2025;Recursos Institucionais;20;Talento humano;6;Capacitação em inovação;3.3;Qual foi o orçamento total para treinamento executado pela instituição durante o ano de 2024?;Resposta númerica;0;;
chile;2025;Recursos Institucionais;20;Talento humano;6;Capacitação em inovação;3.4;Do orçamento executado em capacitações durante 2024, quanto correspondeu a capacitações em inovação?;Se respondeu que sim a pergunta 3. Respuesta numérica.;1;;
chile;2025;Recursos Institucionais;20;Talento humano;6;Capacitação em inovação;4;O Plano Anual de Capacitação 2025 da instituição inclui capacitações em inovação?;"Resposta única. A. Sim; B. Não";"05; 0";;Informação adicional Necessária. 
chile;2025;Recursos Institucionais;20;Talento humano;6;Capacitação em inovação;4.1;Em relação ao último Plano Anual de Capacitação, de onde surgiram principalmente os assuntos que exigiam capacitação? Marque todas as opções correspondentes.;;;;
chile;2025;Recursos Institucionais;20;Marco Institucional;2;Redes internas de colaboração ;5;Durante o período medido, existiram na instituição instâncias de trabalho colaborativo sistemático entre duas ou mais áreas funcionais para o desenvolvimento da inovação? ;"Resposta única. A. Sim; B. Não (Ir para a questão 6)";0;;
chile;2025;Recursos Institucionais;20;Marco Institucional;2;Redes internas de colaboração ;5.1;Quais eram os objetivos dessas instâncias de colaboração interna? Marque todas as opções correspondentes.;"Marque todas las que correspondan.
A. Desarrollo de iniciativas de innovación.
B. Gestión de la innovación institucional.
C. Cultura y Gestión del cambio.
D. Otro(s) ¿Cuál(es)?";0.75;;Informação adicional Necessária. 
chile;2025;Recursos Institucionais;20;Marco Institucional;2;Redes internas de colaboração ;6;Durante o período medido, a instituição utilizou plataformas que permitiam o trabalho colaborativo on-line?;"Resposta única. A. Sim; B. Não (Ir para a questão 7)";0.1;"sim: 0.1; não 0";
chile;2025;Recursos Institucionais;20;Marco Institucional;2;Redes internas de colaboração ;6.1;Selecione as plataformas que a instituição utilizou com maior frequência para o trabalho colaborativo. Marque todas as opções correspondentes.;"Marque todas las que correspondan.
A. Teams.
B. Dropbox.
C. Google Docs.
D. Mural o Miró.
E. Onedrive.
F. Otra(s) ¿Cuál(es)?";0;0;
chile;2025;Recursos Institucionais;20;Marco Institucional;2;Promoção da Inovação;7;Durante o período medido, quais dos seguintes mecanismos ou ações institucionais sua instituição utilizou para promover a inovação entre suas funcionárias e funcionários? ;Marque todas as opções correspondentes. A. Prêmios ou reconhecimentos a equipes ou pessoas por iniciativas inovadoras. B. Fundos ou orçamentos internos para desenvolver iniciativas de inovação. C. Chamadas internas abertas para participar de projetos de inovação. D. Canais institucionais para compartilhar aprendizados ou experiências de inovação (intranet, boletins, jornadas etc.). E. Espaços ou metodologias participativas para propor melhorias ou soluções (ex.: caixa de ideias, laboratórios, oficinas). F. Instancias formais de colaboração internas orientadas a inovação (mesas, comites, redes internas). G. Outros? Quais? H. Não utiliza ações institucionais desse tipo.;0;;Informação adicional Necessária. 
chile;2025;Recursos Institucionais;20;Marco Institucional;2;Dados abertos;8;Durante o período medido, a instituição publicou dados abertos?;"Resposta única. A. Sim; B. Não (Ir para a questão 9)";0;;
chile;2025;Recursos Institucionais;20;Marco Institucional;2;Dados abertos;8.1;Essas publicações de dados abertos foram realizadas em portal próprio ou no dados.gob.cl?;Marque todas as opções correspondentes. A. Em portal próprio. B. Em datos.gob.cl;0.4;"02;02";
chile;2025;Recursos Institucionais;20;Marco Institucional;2;Dados abertos;8.2;Em quais formatos esses dados abertos foram publicados?;"Se respondeu que sim a pergunta 8. A. Formato de lectura (XML, PDF, HTML).
B. Formato bases de datos procesables (CSV, JSON, DTA, otros).
C. Formato multimedia (videos, imágenes, sonidos).
D. Otro(s) ¿Cu";0.4;"0.1; 0.2; 0.1; 0";
chile;2025;Recursos Institucionais;20;Marco Institucional;2;Dados abertos;8.3;Durante o período medido, existiu na instituição uma área responsável pela gestão de dados abertos?;"Se respondeu que sim a pergunta 8. puesta única.
A. Sí, su función incluía identificar datos e información para mejorar la
eficiencia y la toma de decisiones estratégicas de la entidad.
B. Sí, pero su función sólo consideraba la publicación de datos en formato
abiertos y/o transparencia.
C. No";0.2;;
chile;2025;Recursos Institucionais;20;Marco Institucional;2;Dados abertos;8.4;Durante o período medido, a instituição realizou ações para se comunicar e receber feedback das pessoas ou organizações que utilizaram seus dados abertos?;"Se respondeu que sim a pergunta 8. A. Sim; B. Não ";0.15;"sim: 0.15; não 0";
chile;2025;Recursos Institucionais;20;Recursos Digitais;4;TIC´S;9;Durante o período medido, a instituição trabalhava com pelo menos uma tecnologia “Open Source” ou “Código Aberto”? ;"Resposta única. A. Sim; B. Não ";0.65;"sim: 0.65; não 0";
chile;2025;Recursos Institucionais;20;Recursos Digitais;4;TIC´S;9A;Durante o período medido, a instituição tinha ClaveÚnica como mecanismo de autenticação utilizado pelas pessoas para acessar serviços em quaisquer de seus meios ou canais de atendimento? ;"Resposta única. A. Sim; B. Não ";0.38;"sim: 0.38; não 0";
chile;2025;Recursos Institucionais;20;Recursos Digitais;4;TIC´S;10;Durante o período medido, a instituição tinha identificados seus ativos de informação?;"Resposta única. A. Sim; B. Não ";0.4;"sim: 0.40; não 0";
chile;2025;Recursos Institucionais;20;Recursos Digitais;4;TIC´S;11;Durante o período medido, sua instituição contou com um software especializado para apoiar alguma das seguintes funções? Marque todas as opções correspondentes. ;A. Gestão documental. B. Gestão de inventário e ativos fixos. C. Gestão de pessoas (assiduidade, licenças, remunerações). D. Gestão financeira (arrecadação/tesouraria/contabilidade). E. Gestão de compras e aquisições. F. Gestão de clientes/usuários (CRM). G. Digitalização de processos (BPMS). H. Ofimática (processador de texto, planilha etc.). I. Repositorio documental. J. Outros (as) especifique as funções. K. Nenhuma das anteriores. (Se marcar essa não é possível marcar as demais);0;;Informação adicional Necessária. 
chile;2025;Recursos Institucionais;20;Recursos Digitais;4;TIC´S;11A;Quantidade de sistemas que possuem considerando gestão de pessoas, gestão de clientes/usuários (CRM), digitalização de processos (BPMS) e ofimática.;;;;
chile;2025;Recursos Institucionais;20;Recursos Digitais;4;TIC´S;11.B; Quantas das ferramentas indicadas acima eram fornecidas pela instituição a partir de hospedagem própria ou mista?;;;;
chile;2025;Recursos Institucionais;20;Recursos Digitais;4;TIC´S;12;Quais dos seguintes lineamentos e/ou políticas são utilizados na sua instituição? ;Marque todas as opções correspondentes. A. Política de Segurança da Informação. B. Política de Cibersegurança. C. Processos associados à Segurança da Informação. D. Processos associados à Cibersegurança. E. Procedimentos associados à Segurança da Informação. F. Procedimentos associados à Cibersegurança. G. Plano de continuidade de negócios (BCP) para seus processos e produtos estratégicos. H. Plano de recuperação de desastres (DRP) para seus processos e produtos estratégicos. I. Nenhum dos anteriores.;0.82;"0.1025
0.1025
0.1025
0.1025
0.1025
0.1025
0.1025
0.1025
0";
chile;2025;Recursos Institucionais;20;Recursos Digitais;4;Serviços Online;13;Durante o período medido, a instituição contava com um plano de ação e/ou estratégia de transformação digital preparada para a aplicação da Lei de Transformação Digital (LDT)?;"Resposta única. A. Sim; B. Não (Ir para a questão 14)";0.20;"sim: 0.20; não 0";
chile;2025;Recursos Institucionais;20;Recursos Digitais;4;Serviços Online;13.1;Quais são os eixos de trabalho da estratégia de transformação digital nos quais a instituição trabalhou durante o período medido? ;Marque todas as opções correspondentes. A. Identificação de procedimentos administrativos e trâmites. B. Envio e recepção de comunicações oficiais. C. Gestão documental: documentos e expediente eletrônico. D. Interoperabilidade: intercâmbio de dados e informação entre instituições. E. Autenticação: ClaveÚnica e/ou chave tributária. F. Qualidade das plataformas eletrônicas: catálogo, plano de melhoria etc. G. Segurança da informação e cibersegurança das plataformas. H. Redesenho e digitalização de procedimentos administrativos. I Notificações eletrônicas. J. Estratégias para fazer a Web acessível para pessoas com deficiência. K. Outros (s)? Quais?;0.20;;
chile;2025;Recursos Institucionais;20;Recursos Digitais;4;Serviços Online;13A;Qual porcentagem de procedimentos administrativos em suporte eletrônico foi reportada pela instituição no Catálogo de Procedimentos Administrativos e outras Tramitações (CPAT) em 31 de maio de 2025?;Respuesta numérica. Levantamento administrativo. ;0.35;;
chile;2025;Recursos Institucionais;20;Recursos Digitais;4;Serviços Online;14;Durante o período medido, quais atividades a instituição realizava habitualmente para o desenho e/ou desenvolvimento de seus serviços digitais?;Marque todas as opções correspondentes.  A. Auditorias de acessibilidade. B. Pesquisa qualitativa (por exemplo, entrevistas, focus groups). C. Pesquisa quantitativa (por exemplo, utilizando ferramentas de análise web, como Google Analytics). D. Geração de protótipos e testes. E. Testes de usabilidade. F. Outra(s). Especifique: G. Nenhuma das anteriores.;0.15;;
chile;2025;Recursos Institucionais;20;Recursos Digitais;4;Serviços Online;15;Durante o período medido, a instituição realizou medições de satisfação dos usuários de seus serviços digitais?;"Resposta única. A. Sim; B. Não (Ir para a questão 16)";0.2;"sim: 0.2; não 0";
chile;2025;Recursos Institucionais;20;Recursos Digitais;4;Serviços Online;15.1;¿En qué medida aplicó la medición de satisfacción usuaria de sus servicios digitales?;"Respuesta única.
A. En todos sus servicios digitales.
B. En algún(os) de sus servicios digitales.";0;;
chile;2025;Recursos Institucionais;20;Recursos Digitais;4;Serviços Online;15.2;Para que a instituição utiliza a informação obtida das medições de satisfação usuária? ;Marque todas as opções correspondentes.  A. Desenho de novos serviços. B. Melhoria contínua. C. Relato para outras áreas da instituição. D. Análise de demanda (por exemplo, para identificar necessidades não atendidas, lacunas de cobertura ou priorizar serviços conforme os resultados de satisfação). E. Outro. Especifique:;0.35;;
chile;2025;Recursos Institucionais;20;Recursos Digitais;4;Uso de IA;16;Durante el periodo medido, ¿la institución utilizó alguno de los siguientes tipos de aplicaciones basadas en Inteligencia Artificial (IA) en sus procesos internos o en la entrega de servicios a la ciudadanía?;Marque todas as opções correspondentes. A. Assistentes virtuais ou chatbots baseados em IA para interagir com pessoas usuárias. B. Processamento automatizado de texto ou dados por IA. C. Automação de processos com decisões inteligentes. D. Modelos preditivos ou de classificação para antecipar decisões institucionais. E. Detecção automatizada de fraudes, inconsistências ou anomalias. F. Algoritmos de recomendação de serviços para pessoas usuárias. G. Outro(s). Qual(is)? H. Não utilizou ferramentas de IA durante este período. Se marcar esta opção, não é possível assinalar as demais.;0;;
chile;2025;Recursos Institucionais;20;Estratégia e governança;8;area de inovação;17;Durante o período medido, existia uma governança institucional dedicada especificamente a desenvolver ou gerir inovação dentro da instituição?;"Resposta única. A. Sim; B. Não (Ir para a questão 18)";1;;Informação adicional Necessária. 
chile;2025;Recursos Institucionais;20;Estratégia e governança;8;area de inovação;17.1;Qual dos seguintes tipos de governança para a inovação estava vigente na instituição nesse período?;"Resposta única. A. Departamento de Innovación.
B. División de Innovación.
C. Oficina de Innovación.
D. Unidad de Innovación.
E. Comité de Innovación.
F. Otra. Especifique:";0.6;0.6;
chile;2025;Recursos Institucionais;20;Estratégia e governança;8;area de inovação;17.2;De qual subdireção/subdepartamento/departamento dependia a governança mencionada?;Se respondeu que sim a pergunta 17. Si es más de una señale la depedencia específica de cada una. Máximo 3000 caracteres.;0;0;
chile;2025;Recursos Institucionais;20;Estratégia e governança;8;area de inovação;17.3;Qual é o orçamento disponível para a governança de inovação durante o ano de 2025?;Se respondeu que sim a pergunta 17. Resposta númerica. ;0.4;0.4;
chile;2025;Recursos Institucionais;20;Estratégia e governança;8;area de inovação;17A; A dependência da governança à qual se faz referência era transversal?;"Proviene de la respuesta entregada en la pregunta 17.2 por la institución. Levantamiento
administrativo.
A. Sí, completamente.
B. Sí, parcialmente.
C. No.";1;"1; 0.7; 0";
chile;2025;Recursos Institucionais;20;Estratégia e governança;8;Inovação em objetivos estratégicos;17B;Qual é o orçamento inicial total da instituição para o ano de 2025?;Resposta númerica. Levantamento administrativo. ;0;0;
chile;2025;Recursos Institucionais;20;Estratégia e governança;8;Inovação em objetivos estratégicos;18;O formulário A1 da instituição vigente durante o período medido, especificamente na seção de Objetivos Estratégicos Institucionais, contém algum objetivo relacionado com inovação?;"A IAN corresponde ao formulário A1 ou, em seu defeito, à declaração de contas públicas.
A. Sí
B. No";2.5;"sim: 2.5; não 0";Informação adicional Necessária. 
chile;2025;Recursos Institucionais;20;Estratégia e governança;8;Inovação em objetivos estratégicos;19; Durante o período medido, a instituição contou com alguma estratégia ou plano de ação relacionado com inovação pública?;;;;
chile;2025;Práticas e processos;40;Atividade e praticas;14;Variáveis base;20;Durante o período medido, quantas iniciativas de inovação pública a instituição desenvolveu?;o período considerado é de 1º de junho de 2024 a 31 de maio de 2025. A. Nenhuma (Ir para a questão 20) B. 1 C. 2 D. 3 E. 4 F. 5;0.6;;
chile;2025;Práticas e processos;40;Atividade e praticas;14;Variáveis base;20.1; Indique o nome de cada iniciativa: 1. 2… (Responder 1 ou mias iniciativas referente a pregunta anterior);Máximo de 100 caracteres. ;0;0;
chile;2025;Práticas e processos;40;Atividade e praticas;14;Variáveis base;20.2;Em relação à iniciativa [inserir nome], qual foi o problema inicial que se buscou abordar mediante um processo de inovação?;Máximo de 3000 caracteres.;0;0;
chile;2025;Práticas e processos;40;Atividade e praticas;14;Surgimento da necessidade;20.3;Em relação à iniciativa [inserir nome], quais dos seguintes atores estiveram envolvidos na identificação do problema inicial?; A. Pessoas usuárias/beneficiárias. B. As pessoas que trabalham na entidade. C. A autoridade do serviço. Que cargo? D. Outra instituição pública. E. Outra instituição fora do Estado. F. Outro(s). Qual(is)?;1.5;"0.5; 0.5; 0.10; 0.20; 0.20; 0";
chile;2025;Práticas e processos;40;Atividade e praticas;14;Desenvolvimento da iniciativa;20.4;Em relação à iniciativa [inserir nome], de que maneira a iniciativa de inovação contribui para resolver o problema identificado? ;Deve-se descrever como a inovação melhora a situação inicial ou resolve o problema identificado, indicando que mudança gera e por que seria efetiva diante da situação que se busca abordar. Máximo de 3000 caracteres.;0;0;
chile;2025;Práticas e processos;40;Atividade e praticas;14;Desenvolvimento da iniciativa;20.5;Em relação à iniciativa [inserir nome], durante o período medido, foi realizada uma investigação do problema inicial antes de idealizar soluções?;"Resposta única. A. Sim; B. Não";0;0;Informação adicional Necessária. 
chile;2025;Práticas e processos;40;Atividade e praticas;14;Desenvolvimento da iniciativa;20.6;Quais dos seguintes atores externos participaram da fase de investigação do problema inicial? ;"Marque todos os correspondentes. Validaremos a resposta apresentada com a Informação Adicional Necessária (IAN) solicitada na pergunta 20.7.N. ¿Cuáles de los siguientes actores externos participaron en la fase
investigación del problema inicial?
Si contestó No en la pregunta anterior, debe marcar la alternativa “D.Ninguno”.
Marque todos los que correspondan. Validaremos la respuesta entregada con la Información
Adicional Necesaria (IAN) requerida en la pregunta 20.5.N.
A. Personas usuarias o beneficiarias del servicio.
B. Otra(s) entidad(es) del Estado.
C. Otra(s) entidad(es) fuera del Estado.
D. Ninguno.
Si marca esta, no es posible señalar las demás.";0;0;Informação adicional Necessária. 
chile;2025;Práticas e processos;40;Atividade e praticas;14;Desenvolvimento da iniciativa;20.7;Em relação à iniciativa [inserir nome], durante o período medido, ela foi desenhada? ;"Resposta única. A. Sim; B. Não";1.5;;Informação adicional Necessária. 
chile;2025;Práticas e processos;40;Atividade e praticas;14;Desenvolvimento da iniciativa;20.8;Quais dos seguintes atores externos participaram da fase de desenho? ;"Marque todos os correspondentes. Validaremos a resposta apresentada com a Informação Adicional Necessária (IAN) solicitada na pergunta 20.7.N. ¿Cuáles de los siguientes actores externos participaron en la fase de diseño?
Si contestó No en la pregunta anterior, debe marcar la alternativa “D.Ninguno”.
Marque todos los que correspondan. Validaremos la respuesta entregada con la Información
Adicional Necesaria (IAN) requerida en la pregunta 20.7.N.
A. Personas usuarias o beneficiarias del servicio.
B. Otra(s) entidad(es) del Estado.
C. Otra(s) entidad(es) fuera del Estado.
D. Ninguno.
Si marca esta, no es posible señalar las demás.";;;Informação adicional Necessária. 
chile;2025;Práticas e processos;40;Atividade e praticas;14;Desenvolvimento da iniciativa;20.9;Em relação à iniciativa [inserir nome], durante o período medido, ela foi prototipada?;"Resposta única. A. Sim; B. Não";1.8;;Informação adicional Necessária. 
chile;2025;Práticas e processos;40;Atividade e praticas;14;Desenvolvimento da iniciativa;20.10;Quais dos seguintes atores externos participaram da fase de prototipagem?  ;"Marque todos os correspondentes. Validaremos a resposta apresentada com a Informação Adicional Necessária (IAN) solicitada na pergunta 20.9.N. ¿Cuáles de los siguientes actores externos participaron en la fase de
prototipado?
Si contestó No en la pregunta anterior, debe marcar la alternativa “D.Ninguno”.
Marque todos los que correspondan. Validaremos la respuesta entregada con la Información
Adicional Necesaria (IAN) requerida en la pregunta 20.9.N.
A. Personas usuarias o beneficiarias del servicio.
B. Otra(s) entidad(es) del Estado.
C. Otra(s) entidad(es) fuera del Estado.
D. Ninguno.
Si marca esta, no es posible señalar las demás.";0;0;Informação adicional Necessária. 
chile;2025;Práticas e processos;40;Atividade e praticas;14;Desenvolvimento da iniciativa;20.11;Em relação à iniciativa [inserir nome], durante o período medido, ela foi testada e ajustada a partir dos resultados obtidos?;"Resposta única. A. Sim; B. Não";1.5;;Informação adicional Necessária. 
chile;2025;Práticas e processos;40;Atividade e praticas;14;Desenvolvimento da iniciativa;20.12;Quais dos seguintes atores externos participaram da fase de testes e ajustes da solução?;" Marque todos os correspondentes. Validaremos a resposta apresentada com a Informação Adicional Necessária (IAN) solicitada na pergunta 20.11.N. ¿Cuáles de los siguientes actores externos participaron en la fase de testeo y
ajuste de la solución?
Si contestó No en la pregunta anterior, debe marcar la alternativa “D.Ninguno”.
Marque todos los que correspondan. Validaremos la respuesta entregada con la Información
Adicional Necesaria (IAN) requerida en la pregunta 20.11.N.
A. Personas usuarias o beneficiarias del servicio.
B. Otra(s) entidad(es) del Estado.
C. Otra(s) entidad(es) fuera del Estado.
D. Ninguno.
Si marca esta, no es posible señalar las demás.";0;;Informação adicional Necessária. 
chile;2025;Práticas e processos;40;Atividade e praticas;14;Desenvolvimento da iniciativa;20.13;Em relação à iniciativa [inserir nome], durante o período medido, ela foi pilotada?;"Resposta única. A. Sim; B. Não";1.4;;Informação adicional Necessária. 
chile;2025;Práticas e processos;40;Atividade e praticas;14;Desenvolvimento da iniciativa;20.14;Quais dos seguintes atores externos participaram da fase de pilotagem da solução? ;"Marque todos os correspondentes. Validaremos a resposta apresentada com a Informação Adicional Necessária (IAN) solicitada na pergunta 20.13.N. ¿Cuáles de los siguientes actores externos participaron en la fase de pilotaje
de la solución?
Si contestó No en la pregunta anterior, debe marcar la alternativa “D.Ninguno”.
Marque todos los que correspondan. Validaremos la respuesta entregada con la Información
Adicional Necesaria (IAN) requerida en la pregunta 20.13.N.
A. Personas usuarias o beneficiarias del servicio.
B. Otra(s) entidad(es) del Estado.
C. Otra(s) entidad(es) fuera del Estado.
D. Ninguno.
Si marca esta, no es posible señalar las demás.";0;;Informação adicional Necessária. 
chile;2025;Práticas e processos;40;Atividade e praticas;14;Desenvolvimento da iniciativa;20.15;Em relação à iniciativa [inserir nome], durante o período medido, ela foi implementada?;"Resposta única. A. Sim; B. Não";1.4;;Informação adicional Necessária. 
chile;2025;Práticas e processos;40;Atividade e praticas;14;Desenvolvimento da iniciativa;20.16;Quais dos seguintes atores externos participaram da fase de implementação da solução? ;"Marque todos os correspondentes. Validaremos a resposta apresentada com a Informação Adicional Necessária (IAN) solicitada na pergunta 20.15.N. ¿Cuáles de los siguientes actores externos participaron en la fase de
implementación de la solución?
Si contestó No en la pregunta anterior, debe marcar la alternativa “D.Ninguno”.
Marque todos los que correspondan. Validaremos la respuesta entregada con la Información
Adicional Necesaria (IAN) requerida en la pregunta 20.15.N.
A. Personas usuarias o beneficiarias del servicio.
B. Otra(s) entidad(es) del Estado.
C. Otra(s) entidad(es) fuera del Estado.
D. Ninguno.
Si marca esta, no es posible señalar las demás.";0;;Informação adicional Necessária. 
chile;2025;Práticas e processos;40;Atividade e praticas;14;Desenvolvimento da iniciativa;20.17;Em relação à iniciativa [inserir nome], durante o período medido, que tipo de avaliação foi realizada no contexto do pilotagem ou após ser implementada?;"Respuesta única.
A. Evaluación de procesos (optimización, “de flujos”)
B. Evaluación de impacto (método no experimental, cuasi experimental o
experimental)
C. Evaluación de eficiencia (costo-beneficio o costo-efectividad)
D. Otra. ¿Cuál(es)?
E. Ninguna de las anteriores
Si marca esta, no es posible señalar las demás.";1.2;;Informação adicional Necessária. 
chile;2025;Práticas e processos;40;Atividade e praticas;14;Desenvolvimento da iniciativa;20.18;Quais dos seguintes atores externos participaram da fase de avaliação da solução? ;"Marque todos os correspondentes. Validaremos a resposta apresentada com a Informação Adicional Necessária (IAN) solicitada na pergunta 20.17.N. A. Personas usuarias o beneficiarias del servicio.
B. Otra(s) entidad(es) del Estado.
C. Otra(s) entidad(es) fuera del Estado.
D. Ninguno.
Si marca esta, no es posible señalar las demás.";0;;Informação adicional Necessária. 
chile;2025;Práticas e processos;40;Atividade e praticas;14;Desenvolvimento da iniciativa;20.19;Em relação à iniciativa [inserir nome], participaram pessoas usuárias, outras instituições públicas ou instituições fora do Estado em uma ou mais de suas fases?;"Respuesta única. La respuesta será validada con la Información Adicional Necesaria (IAN)
entregada en las preguntas correspondientes a las fases de la iniciativa (preguntas 20.5.N,
20.7.N, .N, 20.9.N, 20.11.N, 20.13.N, 20.15.N, 20.17.N) A. SIM; B. NO";1;;Informação adicional Necessária. 
chile;2025;Práticas e processos;40;Atividade e praticas;14;Desenvolvimento da iniciativa;20.20;Em relação à iniciativa [inserir nome], durante o período medido, quais das seguintes atividades relacionadas à gestão da mudança ou à adoção da solução foram desenvolvidas?;Marque todas as opções correspondentes. A. Difusão da iniciativa no interior da organização. B. Plano de comunicação e difusão com usuários e atores-chave. C. Instalação de capacidades nas equipes executoras. D. Criação de uma rede de apoio ou equipes de gestão da mudança. E. Envolvimento das autoridades institucionais na iniciativa. F. Desenho de estratégias de gestão da mudança para enfrentar resistências. G. Outra. Qual? H. Nenhuma das anteriores.;1.1;"0.175
0.175
0.175
0.175
0.175; 0.175
0.175
0";Informação adicional Necessária. 
chile;2025;Práticas e processos;40;Atividade e praticas;14;Desenvolvimento da iniciativa;20.21;Em relação à iniciativa [inserir nome], durante o período medido, foram executadas ou planejadas ações para o seu escalonamento?;"Sólo si contestó “sí” en alguna de las siguientes fases: Pilotaje, Implementación, Evaluación
(preguntas 20.13.N, 20.15.N y 20.17.N). Si en todas ellas respondió “No”, deberá responder “No” en esta pregunta.Resposta Única.  A. SIM B. NO";0;;Informação adicional Necessária. 
chile;2025;Práticas e processos;40;Atividade e praticas;14;Desenvolvimento da iniciativa;20.22;Em relação à iniciativa [inserir nome], quantas áreas, em nível de unidades funcionais, estiveram ativamente envolvidas em uma ou mais de suas fases? ;Máximo de 3000 caracteres.;0;;
chile;2025;Práticas e processos;40;Atividade e praticas;14;Desenvolvimento da iniciativa;20.23;Em relação à iniciativa [inserir nome], ela contou com financiamento em pelo menos uma de suas fases?;"Resposta única. A. Sim; B. Não";0;0;
chile;2025;Práticas e processos;40;Atividade e praticas;14;Desenvolvimento da iniciativa;20.24;Em relação à iniciativa [inserir nome], quais das seguintes dificuldades foram encontradas durante o desenvolvimento da iniciativa? ;Selecione as 3 principais. A. Obter financiamento para o seu desenvolvimento. B. Cultura organizacional. C. Marco normativo e/ou administrativo. D. Interoperabilidade entre sistemas. E. Adoção de novas tecnologias. G. Outra. Qual? G. Nenhuma das anteriores.;0;;
chile;2025;Práticas e processos;40;Atividade e praticas;14;Desenvolvimento da iniciativa;20.25;Em relação à iniciativa [inserir nome], a perspectiva de gênero foi incorporada em pelo menos uma de suas etapas?;"Resposta única. A. Sim; B. Não";0;;
chile;2025;Práticas e processos;40;Atividade e praticas;14;Resultado da iniciativa;20.26;"En relación a la iniciativa [insertar nombre], ¿cuáles fueron los resultados concretos y medibles que se observaron luego de su
pilotaje o implementación? En caso que aún no haya sido piloteada o implementada, indique los resultados esperados.";"Marque todas las que correspondan.
A. Mejora en la satisfacción de los usuarios.
B. Disminución en el tiempo de uno o más procedimientos administrativos.
C. Mayor eficiencia en el uso de los recursos públicos.
D. Incremento en la cobertura de atención.
E. Otros. Especifique:
F. Ninguna de las anteriores.
Si marca esta, no es posible señalar las demás.";0;;
chile;2025;Práticas e processos;40;Atividade e praticas;14;Resultado da iniciativa;20.27;En relación a la iniciativa [insertar nombre], ¿quiénes eran los destinatarios o beneficiarios principales de la solución?;"Marque todas las que correspondan.
A. Las personas usuarias de la entidad.
B. Otras instituciones públicas.
C. Empresas o entidades del sector privado.
D. Las personas funcionarias de la entidad.
E. Otro destinatario o beneficiario. ¿Cuál(es)?";0;;
chile;2025;Práticas e processos;40;Atividade e praticas;14;Resultado da iniciativa;20A;"De las iniciativas validadas, ¿cuántas tienen alta relevancia estratégica?
Si contestó “1 o más iniciativas” en la pregunta N.";Resposta númerica. Levantamento administrativo. ;;;
chile;2025;Práticas e processos;40;Atividade e praticas;14;Uso de abordagens ou metodologias de inovação;21;Em relação às iniciativas reportadas, quais dos seguintes enfoques ou metodologias foram utilizados para seu desenvolvimento?;A. Design thinking. B. Metodologias ágeis (Scrum, Kanban, Lean etc.). C. Pensamento sistêmico. D. Pensamento Inventivo Sistemático. E. Prospectiva estratégica ou inovação antecipatória. F. Gestão da mudança (Change Management). G. Outra. Qual? F. Nenhuma. Marque todas as opções correspondentes. Se respondeu “Nenhuma” na pergunta 19, deve marcar a opção “F. Nenhuma”.;0;;
chile;2025;Práticas e processos;40;Atividade e praticas;14;Parcitapação em rede de inovação - Red de Innovadores Públicos;21A;Durante o período medido, quantas pessoas da instituição participaram ativamente da Rede de Inovadores Públicos?; Valor (cálculo da taxa: pessoas ativas na Rede / quantidade de pessoas na Rede). Segue o cálculo de uma variável contínua.;1;;
chile;2025;Práticas e processos;40;Atividade e praticas;14;Parcitapação em rede de inovação - Red de Innovadores Públicos;22;Durante o período medido, quais dos seguintes tipos de análise foram considerados nos procedimentos de identificação de necessidades ou expectativas das pessoas?;"Marque todas las que correspondan.
A. Laboratorios o Centros de Innovación.
B. Hackatones, datatones o ideatones.
22 0
C. Concursos o comunidades de innovación abierta.
D. Eventos de generación de redes (networking) o reuniones de intereses
(meetups).
E. Otra. Espeficique:
F. Ninguna de las anteriores.
Si marca esta, no es posible señalar las demás.";0;;
chile;2025;Práticas e processos;40;Procedimentos;7;Procedimentos para a identificação de necessidades de pessoas ou instituições usuárias;23;Durante el periodo medido, ¿existieron procedimientos para la identificación de las necesidades o expectativas de las personas usuarias/beneficiarias?;"Resposta única. A. Sim; B. Não (Ir para a questão 24)";1;"sim: 0.1; não 0";Informação adicional Necessária. 
chile;2025;Práticas e processos;40;Procedimentos;7;Procedimentos para a identificação de necessidades de pessoas ou instituições usuárias;23.1;Durante o período analisado, quais dos seguintes tipos de análise foram considerados nos procedimentos para identificar as necessidades ou expectativas das pessoas? - Si respondeu a pregunta anterior. ;marque todas as opções correspondentes. A. Análises qualitativas (oficinas, focus groups, entrevistas, etnografia). B. Análises quantitativas (pesquisas telefônicas, presenciais, on-line ou em papel). C. Análises de registros administrativos (bases de dados próprias). D. Análises com dados massivos (redes sociais, navegação web, mineração de texto). E. Análises documentais ou de fontes espontâneas (revisão de OIRS, meios, atas, relatórios etc.). F. Outra, especifique: ;0.5;"0.1; 0.1; 0.1; 0.1; 0.1; 0";
chile;2025;Práticas e processos;40;Procedimentos;7;Procedimentos para a identificação de necessidades de pessoas ou instituições usuárias;24;Durante o período analisado, a instituição realizou medições de satisfação do usuário com seus serviços?;"Resposta única. A. Sim; B. Não (Ir para a questão 25)";0.5;;
chile;2025;Práticas e processos;40;Procedimentos;7;Procedimentos para a identificação de necessidades de pessoas ou instituições usuárias;24.1;Com que frequência essas medições foram realizadas?;Resposta única. A. Anualmente. B. Semestralmente. C. Mensalmente. D. Semanalmente. E. Diariamente. F. Tempo real.;0.2;"0.1; 0.1; 0.2; 0.2; 0.2; 0.2";
chile;2025;Práticas e processos;40;Procedimentos;7;Procedimentos para a identificação de necessidades de pessoas ou instituições usuárias;24.2;Para que a instituição utilizou a informação obtida das medições de satisfação usuária?;Marque todas as opções correspondentes. A. Desenho de novos serviços. B. Melhoria contínua. C. Relato para outras áreas da instituição. D. Análise de demanda. E. Outros. Especifique: F. Não se utilizou. ;0;;
chile;2025;Práticas e processos;40;Procedimentos;7;Procedimentos para desenvolvimento e teste de protótipos;25;Durante o período analisado, a instituição possuía procedimentos estabelecidos para o desenvolvimento de protótipos?;"Resposta única. A. Sim; B. Não (Ir para a questão 26)";1;;Informação adicional Necessária. 
chile;2025;Práticas e processos;40;Procedimentos;7;Procedimentos para desenvolvimento e teste de protótipos;25.1;Durante o período medido, quais níveis os protótipos das iniciativas de inovação alcançaram? ;Marque todas as opções correspondentes.  A. Protótipo conceitual. B. Protótipo sensorial. C. Protótipo funcional. D. Outro(s). Qual(is)?;0;;
chile;2025;Práticas e processos;40;Procedimentos;7;Procedimentos para desenvolvimento e teste de protótipos;26;Durante o período analisado, a instituição possuía procedimentos para testar seus protótipos de solução?;"Resposta única. A. Sim; B. Não (Ir para a questão 27)";1;;Informação adicional Necessária. 
chile;2025;Práticas e processos;40;Procedimentos;7;Procedimentos para desenvolvimento e teste de protótipos;26.1;Durante o período medido, com quais dos procedimentos a seguir para a realização de testes a instituição contava?;Marque todas as opções correspondentes. A. Desenho de um plano de testes com objetivos, hipóteses e critérios de sucesso definidos. B. Definição de métricas e indicadores para avaliar os resultados do teste. C. Testes com usuários reais ou simulações. D. Definição de um fluxo de trabalho com papéis, prazos e responsáveis. E. Coleta sistemática de feedback de usuários ou outros atores envolvidos nos testes. F. Registro e análise dos resultados dos testes. G. Outro(s). Qual(is)? Marque todas as opções correspondentes.;0;;
chile;2025;Práticas e processos;40;Procedimentos;7;Procedimentos para medir o desempenho da inovação;27;Durante o período medido, a instituição possuía procedimentos vigentes para medir o desempenho de suas soluções de inovação?;"Resposta única. A. Sim; B. Não (Ir para a questão 28)";1.6;"sim: 0.16; não 0";Informação adicional Necessária. 
chile;2025;Práticas e processos;40;Procedimentos;7;Procedimentos para medir o desempenho da inovação;27.1;Durante o período medido, quais análises faziam parte dos instrumentos para avaliar suas soluções de inovação? Marque todas as opções correspondentes. Considere as análises utilizadas tanto ao avaliar soluções pilotadas quanto implementadas.;A. Avaliação de desempenho por meio de indicadores quantitativos. B. Comparação com a situação anterior (linha de base) ou com soluções alternativas. C. Análise de feedback qualitativo de pessoas usuárias ou beneficiárias. D. Identificação de riscos, barreiras ou oportunidades emergentes após o teste ou implementação. E. Avaliação do processo de implementação. F. Avaliação de impacto em resultados. G. Outro(s). Qual(is)? ;1.2;"0.19
0.20
0.19
0.19
0.19
0.19
0.05";
chile;2025;Práticas e processos;40;Processos;19;Desenho e fluxo de processos;28;Durante o período medido, a instituição contava com algum processo para inovar?;"Resposta única. A. Sim; B. Não (Ir para a questão 29)";0;;
chile;2025;Práticas e processos;40;Processos;19;Desenho e fluxo de processos;28.1;Qual foi a data da última revisão do processo de inovação? DD/MM/AA. (resposta não obrigatória);"Se você respondeu “Apenas avaliado” ou “Sim, avaliado e redesenhado” à pergunta anterior.

DD/MM/AA. (opcional)";0;;Informação adicional Necessária. 
chile;2025;Práticas e processos;40;Processos;19;Desenho e fluxo de processos;28.2;O processo para inovar foi avaliado ou redesenhado no período medido a partir de seus resultados?;"Resposta única.
A. Apenas avaliada.
B. Sim, avaliada e redesenhada.
C. Não, nem avaliada nem redesenhada.";0.5;"0.3; 0.5; 0";Informação adicional Necessária. 
chile;2025;Práticas e processos;40;Processos;19;Desenho e fluxo de processos;28.3;Quanto ao processo para inovar indicado na pergunta anterior, qual foi o nível de desenvolvimento alcançado?;Se respondeu que sim a pergunta 28. A. O processo está desenhado. B. O processo está formalizado. C. O processo está formalizado e socializado. D. O processo foi formalizado, socializado e executado ao menos uma vez com resultados documentados. ;2;"0.8
1.0
1.5
2.0";Informação adicional Necessária. 
chile;2025;Práticas e processos;40;Processos;19;Desenho e fluxo de processos;28.4;Entre os objetivos dos seus processos para inovar, estava o desenvolvimento de iniciativas de inovação? Se respondeu sim a pregunta 28;Resposta única. Esta resposta será validada com o documento anexado pela instituição na pergunta 28.3. A. Sim B. Não;3;"sim: 3; não 0";Informação adicional Necessária. 
chile;2025;Práticas e processos;40;Processos;19;Desenho e fluxo de processos;28.5;Quais das seguintes fases da metodologia de inovação foram consideradas nos processos para inovar? ;Marque todas as opções correspondentes. Esta resposta será validada com o documento anexado pela instituição na pergunta 28.3. A. Investigação do problema. B. Exploração institucional. C. Desenho de propostas de solução. D. Prototipagem das ideias de solução. E. Testes e ajustes. F. Pilotagem. G. Implementação. H. Avaliação. I. Nenhuma das anteriores. Se marcar esta, nao é possível marcar as demais. ;7;"0.325
0.325
0.6
1.5
1.5
1.5
0.6
0.65
0";Informação adicional Necessária. 
chile;2025;Práticas e processos;40;Processos;19;Sistematização e disseminação de processos;28.6;Entre os objetivos dos seus processos para inovar, estava a gestão da inovação? Se respondeu sim a pregunta 28;Resposta única. Esta resposta será validada com o documento anexado pela instituição na pergunta 28.3. A. Sim B. Não;2;"sim: 2; não 0";Informação adicional Necessária. 
chile;2025;Práticas e processos;40;Processos;19;Sistematização e disseminação de processos;28.7;Quais atividades de gestão da inovação estiveram incluídas no seu processo para inovar?  Se respondeu sim a pregunta 28;Marque todas as opções correspondentes. Esta resposta será validada com o documento anexado pela instituição na pergunta 28.3. A. Gestão da mudança para a inovação. B. Desenvolvimento de capacidades para inovar. C. Sistematização da inovação e gestão do conhecimento. D. Liderança para a inovação. E. Nenhuma das anteriores.;1;"0.25
0.25
0.25
0.25
0";Informação adicional Necessária. 
chile;2025;Práticas e processos;40;Processos;19;Sistematização e disseminação de processos;28.8;Durante o período medido, contavam com um fluxo de processos de inovação? Se respondeu sim a pregunta 28;Resposta única. Esta resposta será validada com o documento anexado pela instituição na pergunta 28.3. A. Sim B. Não;1;"sim: 1; não 0";Informação adicional Necessária. 
chile;2025;Práticas e processos;40;Processos;19;Sistematização e disseminação de processos;28.9;Quais áreas ou unidades estiveram envolvidas no processo de inovação? Se respondeu sim a pregunta 28;"Resposta única.

A. Apenas uma área ou unidade de negócios.

B. Mais de uma área ou unidade de negócios.

C. Apenas uma área de negócios, áreas multifuncionais e/ou regiões.

D. Mais de uma área de negócios, áreas multifuncionais e/ou regiões.";2.5;"1.0; 1.5
2.0
2.5";
chile;2025;Práticas e processos;40;Processos;19;Sistematização e disseminação de processos;28.10;Liste detalhadamente as áreas/unidades/escritórios envolvidos no processo de inovação.Se respondeu sim a pregunta 28;Máximo de 3000 caracteres.;0;;
chile;2025;Colaboração e Abertura;40;Participação do usuário;16;Comunicação e linguagem;29;Durante o período medido, qual era o nível de conformidade dos sites da instituição em relação às diretrizes do Guia Técnico para Implementação de Sites Web Acessíveis (SENADIS)?;Resposta única. A. O guia não é conhecido na instituição. B. O guia é conhecido, mas não foi implementado. C. Algumas diretrizes são seguidas. D. A maioria das diretrizes é seguida.;0.5;"0; 0;0.2;0.5";
chile;2025;Colaboração e Abertura;40;Participação do usuário;16;Comunicação e linguagem;30;Durante o período medido, que ações concretas a instituição realizou para melhorar a comunicação e fomentar o intercâmbio com pessoas usuárias?;"Marque todas as opções correspondentes.  A. Utilizou linguagem clara e simples em suas comunicações. B. Utilizou linguagem inclusiva em suas comunicações. C. Adaptamos o conteúdo e os formatos das informações para diferentes públicos.
D. Ampliamos a diversidade de canais de comunicação.
E. Coletamos feedback dos usuários por meio dos canais de comunicação.
F. Nenhuma ação específica foi tomada nesta área.
Se você selecionar esta opção, não poderá selecionar as outras.";1.5;"0.3; 0.3; 0.3; 0.3; 0.3; 0";Informação adicional Necessária. 
chile;2025;Colaboração e Abertura;40;Participação do usuário;16;Comunicação e linguagem;31;Durante o período medido, que tipo de interação foi promovida entre a instituição e as pessoas usuárias?;Resposta única. A. Fornecimento de informações institucionais (unidirecional). B. Recebimento de opiniões ou reclamações (unidirecional). C. Fornecimento e recebimento de informações (bidirecional). D. A interação com os usuários não foi promovida. Se você selecionar esta opção, não será possível selecionar as outras.;1;"0; 0.5; 1; 0";
chile;2025;Colaboração e Abertura;40;Participação do usuário;16;Mecanismos dos usuários;32;Durante o período medido, a instituição promoveu a participação ativa da cidadania por meio de mecanismos diferentes dos estabelecidos pela Lei nº 20.500? Por exemplo, grupos de trabalho, consultas participativas ou outras instâncias de colaboração.;"Resposta única. A. Sim; B. Não (Ir para a questão 32)";1;"sim: 1; não 0";
chile;2025;Colaboração e Abertura;40;Participação do usuário;16;Mecanismos dos usuários;32.1;Após executar esses mecanismos, que ações institucionais concretas foram realizadas?;"Se você respondeu sim à pergunta anterior.

Marque todas as opções aplicáveis.

A. Diagnósticos ou documentos internos foram elaborados.

B. Ações específicas foram implementadas (ajustes operacionais, programas piloto, redistribuição de funções).

C. Ações estratégicas foram implementadas (reestruturação de serviços, regulamentações, novas políticas ou planos institucionais).

D. Nenhuma ação específica foi tomada. Não é possível selecionar as outras opções.";2;"0.5; 0.5; 1; 0";
chile;2025;Colaboração e Abertura;40;Participação do usuário;16;Participação do usuário na cocriação e/ou teste de ideias ou soluções;33;Durante o período medido, quais das seguintes fases de um processo de inovação consideraram a participação ativa das pessoas usuárias/beneficiárias?;Marque todas as opções correspondentes. Verificaremos se a resposta é coerente com o declarado na capacidade de “Atividades e Práticas”, na pergunta 20. A. Investigação do problema. B. Desenho de soluções. C. Prototipagem. D. Testes e ajustes da solução. E. Pilotagem. F. Implementação. G. Avaliação do desempenho da solução. H. Nenhuma das anteriores. ;10;"1.5; 1.5; 1.5; 1.5; 1.5; 1; 1.5; 0";Informação adicional Necessária. 
chile;2025;Colaboração e Abertura;40;Coordenação interinstitucional;14.5;Coordenação interinstitucional;34;Durante o período medido, existiram instâncias de colaboração sistemáticas e formais com outras instituições públicas para o desenvolvimento da inovação?;"Resposta única. A. Sim; B. Não (Ir para a questão 35)";1;"sim: 1; não 0";Informação adicional Necessária. 
chile;2025;Colaboração e Abertura;40;Coordenação interinstitucional;14.5;Coordenação interinstitucional;34.1;Por meio de quais instâncias se concretizou essa colaboração sistemática e formal? Se respondeu a pergunta anterior;"Marque todas as opções aplicáveis.

B. Suporte técnico ou mentoria entre instituições.

C. Desenvolvimento conjunto de processos, iniciativas ou projetos de inovação.

D. Desenvolvimento colaborativo de estratégias de inovação ou estruturas de governança.

E. Outro tipo de colaboração formal. Por favor, especifique.";1;"0.2
0.2
0.2
0.2
0.2";
chile;2025;Colaboração e Abertura;40;Coordenação interinstitucional;14.5;Coordenação interinstitucional;34.2;Em que nível institucional essa colaboração se concretizou principalmente? Se respondeu a pergunta 34;Marque todas as opções correspondentes. A. Alta direção (autoridades, chefias superiores).;0;;
chile;2025;Colaboração e Abertura;40;Coordenação interinstitucional;14.5;Coordenação interinstitucional;34.3;Qual foi a causa principal que impulsionou essa colaboração com outras instituições públicas em matéria de inovação? Se respondeu a pergunta 34;Marque as 2 opções mais predominantes. A. Mandato legal ou regulamentar. B. Instrução ou compromisso impulsionado pela chefia superior. C. Iniciativa própria das equipes técnicas ou operacionais. D. Resposta a uma necessidade institucional específica. E. Disponibilidade de financiamento externo ou institucional. F. Outra, qual?;0;;
chile;2025;Colaboração e Abertura;40;Coordenação interinstitucional;14.5;Coordenação interinstitucional;35;Durante o período medido, quais das seguintes fases de um processo de inovação consideraram a participação de outras instituições públicas?;Marque todas as opções correspondentes. Verificaremos se a resposta é coerente com o declarado na capacidade de “Atividades e Práticas”, na pergunta 20 e suas dependentes. A. Investigação do problema. B. Desenho de soluções. C. Prototipagem. D. Testes e ajustes da solução. E. Pilotagem. F. Implementação. G. Avaliação do desempenho da solução. H. Nenhuma das anteriores. Se marcar esta, não é possível marcar as demais;10;"1.5
1.5
1.5
1.5
1.5
1
1.5
0";Informação adicional Necessária. 
chile;2025;Colaboração e Abertura;40;Coordenação interinstitucional;14.5;Interoperabilidade;36;Durante o período medido, que tipo de intercâmbio de dados a instituição realizou com frequência com outras instituições públicas?;"Resposta única. A. Envio manual de arquivos por e-mail ou documentos físicos.

B. Compartilhamento por meio de plataformas ou pastas digitais.

C. Compartilhamento automatizado por meio de sistemas interoperáveis ​​ou APIs.

D. Outro, especifique.";1.25;"0.5
1
1.25
0.5";
chile;2025;Colaboração e Abertura;40;Coordenação interinstitucional;14.5;Interoperabilidade;37;Durante o período medido, a instituição utilizou mecanismos que garantem a proteção dos dados ao trocar informações com outras instituições públicas?;"Resposta única. A. Sim; B. Não";1.25;"sim: 1.15; não 0";
chile;2025;Colaboração e Abertura;40;Gestão ambiental;9.5;Inovação aberta;38;Durante o período medido, existiram instâncias de inovação que consideraram a participação e colaboração de instituições fora do Estado?;"Resposta única. A. Sim; B. Não (Ir para a questão 39)";0.8;"sim: 0.8; não 0";Informação adicional Necessária. 
chile;2025;Colaboração e Abertura;40;Gestão ambiental;9.5;Inovação aberta;38.1;Quais dos seguintes tipos de instâncias foram executadas? Se respondeu a pergunta anterior. ;"Marque todas as opções correspondentes. A. Participação em reuniões com o ecossistema de inovação.
B. Colaboração com câmaras de comércio ou associações comerciais.
C. Reuniões ou grupos de trabalho.
D. Acordos ou contratos de colaboração.

E. Desenvolvimento de concursos de inovação aberta.

F. Outros (especifique).";0;;
chile;2025;Colaboração e Abertura;40;Gestão ambiental;9.5;Inovação aberta;39;Durante o período analisado, qual das seguintes fases de um processo de inovação considerou a participação de entidades externas ao Estado?;"Marque todas as opções correspondentes.A. Investigação do problema.

B. Projeto da solução.

C. Prototipagem.

D. Teste e ajuste da solução.

E. Piloto.

F. Implementação.

G. Avaliação do desempenho da solução.

H. Nenhuma das alternativas acima.

Se você selecionar esta opção, não poderá selecionar as outras.";8.7;"1.3
1.3
1.3
1.3
1.3
0.9
1.3
0";
chile;2025;Resultados;0;Resposta e adaptação;0;Melhor reposta;40;Durante o período analisado, a instituição ampliou a cobertura de um ou mais produtos ou serviços como resultado de ações ou iniciativas de inovação implementadas?;"Resposta única. A. Sim; B. Não (Ir para a questão 41)";Média;;
chile;2025;Resultados;0;Resposta e adaptação;0;Melhor reposta;40.1;Quais dos seguintes efeitos em cobertura foram obtidos a partir das ações ou iniciativas de inovação?; Resposta única. A. Ampliou-se territorialmente (mais comunas, províncias, regiões). B. Ampliou-se em critérios populacionais (faixa etária, nível socioeconômico). C. Ampliou-se em ambos (territorial e populacional). D. Outro(s) qual(is)?;Baixa;;
chile;2025;Resultados;0;Resposta e adaptação;0;Melhor reposta;41;Durante o período analisado, a instituição reduziu os tempos de resposta para um ou mais produtos ou serviços como resultado das ações ou iniciativas de inovação implementadas?;"Resposta única. A. Sim; B. Não (Ir para a questão 42)";Média;;Informação adicional Necessária. 
chile;2025;Resultados;0;Resposta e adaptação;0;Melhor reposta;41.1;Qual foi a faixa de redução do tempo de resposta? ;Resposta única. A. Mais de 50% B. De 25% a 50% C. Menos de 25%;baixa;;
chile;2025;Resultados;0;Resposta e adaptação;0;Melhor reposta;42;Durante o período analisado, a instituição melhorou o grau de alcance de metas em um ou mais produtos ou serviços como resultado de ações ou iniciativas de inovação implementadas?;"Resposta única. A. Sim; B. Não (Ir para a questão 43)";Média;;
chile;2025;Resultados;0;Resposta e adaptação;0;Melhor reposta;42.1;Qual foi a melhoria no cumprimento das metas a partir das ações ou iniciativas de inovação? Se respondeu a pergunta anterior. ;Resposta única. A. As metas estabelecidas foram superadas, melhorando o desempenho anterior. B. As metas estabelecidas foram cumpridas, melhorando o desempenho anterior. C. Não foram cumpridas, mas houve melhoria em relação ao desempenho anterior.;baixa;;
chile;2025;Resultados;0;Resposta e adaptação;0;Melhor reposta;43;Durante o período analisado, a instituição incorporou novos atributos ou características em um ou mais produtos ou serviços como resultado de ações ou iniciativas de inovação implementadas?;"Resposta única. A. Sim; B. Não (Ir para a questão 44)";Média;;
chile;2025;Resultados;0;Resposta e adaptação;0;Melhor reposta;43.1;Quais dos seguintes atributos ou características foram incorporados? ;Marque todas as opções correspondentes. A. Personalização. B. Imediatismo. C. Antecipação. D. Informação. E. Continuidade. F. Orientação. G. Outro(s) qual(is)? Marque todas as opções correspondentes.;baixa;;
chile;2025;Resultados;0;Resposta e adaptação;0;Melhor reposta;44;Durante o período analisado, a instituição reduziu os custos operacionais em um ou mais de seus serviços ou produtos como resultado de ações ou iniciativas de inovação?;"Resposta única. A. Sim; B. Não (Ir para a questão 45)";Média;;
chile;2025;Resultados;0;Resposta e adaptação;0;Melhor reposta;44.1;Qual foi a faixa de redução dos custos operacionais? ;Resposta única. A. Mais de 50% B. Mais de 40% e até 50% C. Mais de 30% e até 40% D. Mais de 20% e até 30% E. Mais de 10% e até 20% F. Até 10%;baixa;;
chile;2025;Resultados;0;Resposta e adaptação;0;Gestâo adptativa;45;Durante o período medido, a instituição modificou ou ajustou objetivos estratégicos ou diretrizes institucionais em decorrência de ações ou iniciativas de inovação implementadas?;"Resposta única. A. Sim; B. Não";Média;;
chile;2025;Resultados;0;Resposta e adaptação;0;Gestâo adptativa;46;Durante o período medido, a instituição redesenhou ou ajustou algum serviço, produto ou programa em decorrência de ações ou iniciativas de inovação implementadas?;"Resposta única. A. Sim; B. Não (Ir para a questão 47)";Média;;
chile;2025;Resultados;0;Resposta e adaptação;0;Gestâo adptativa;46.1;Quais dos seguintes redesenhos ou ajustes foram realizados? ;Marque todas as opções correspondentes. A. Mudanças na população usuária alvo. B. Modificação de componentes ou linhas de intervenção. C. Ajustes orçamentários ou na alocação de recursos. D. Reatribuição de equipes ou funções. E. Eliminação ou incorporação de serviços associados. F. Outro(s) qual(is)? Marque todas as opções correspondentes.;Baixa;;
chile;2025;Resultados;0;Resposta e adaptação;0;Gestâo adptativa;47;Durante o período medido, a instituição incorporou novas tecnologias em seus serviços ou produtos em decorrência de ações ou iniciativas de inovação implementadas?;"Resposta única. A. Sim; B. Não (Ir para a questão 48)";Média;;
chile;2025;Resultados;0;Resposta e adaptação;0;Gestâo adptativa;47.1;Que tipo de novas tecnologias foram incorporadas? ;Marque todas as opções correspondentes. A. Plataformas de atendimento digital. B. Automação de processos (RPA). C. Inteligência de dados ou análise preditiva. D. Aplicativos móveis. E. Ferramentas de Inteligência Artificial (chatbots, sistemas integrados). F. Outro(s), qual(is)? ;Baixa;;
chile;2025;Resultados;0;Gestão da experiência do usuário;0;Satisfação do usuário;48;Durante o período medido, a instituição observou melhorias na satisfação das pessoas usuárias como resultado das ações ou iniciativas de inovação implementadas? ;"Resposta única. A. Sim; B. Não (Ir para a questão 49)";Alta;;
chile;2025;Resultados;0;Gestão da experiência do usuário;0;Satisfação do usuário;48.1;Qual foi o nível de melhorias na satisfação usuária obtido a partir das ações ou iniciativas de inovação? Se respondeu a pergunta anterior. ;Resposta Única.  A. Aumentou em mais de 20 pontos percentuais. B. Aumentou entre 10 e 20 pontos percentuais. C. Aumentou entre 5 e 10 pontos percentuais. D. Aumentou em menos de 5 pontos percentuais.;Baixa;;
chile;2025;Resultados;0;Gestão da experiência do usuário;0;Satisfação do usuário;49;Durante o período medido, a instituição observou redução na quantidade de reclamações das pessoas usuárias como resultado das ações ou iniciativas de inovação implementadas?;"Resposta única. A. Sim; B. Não (Ir para a questão 50)";Alta;;Informação adicional Necessária. 
chile;2025;Resultados;0;Gestão da experiência do usuário;0;Satisfação do usuário;49.1;Qual foi a faixa de redução das reclamações das pessoas usuárias? Se respondeu a pergunta anterior. ;Resposta única. A. Mais de 50% B. De 25% a 50% C. Menor que 25%;Baixa;;
chile;2025;Resultados;0;Gestão da experiência do usuário;0;Legitimidade e confiança;50;Durante o período medido, a instituição observou melhorias na legitimidade ou confiança institucional como resultado das ações ou iniciativas de inovação implementadas?;"Resposta única. A. Sim; B. Não (Ir para a questão 52)";Média;;
chile;2025;Resultados;0;Gestão da experiência do usuário;0;Legitimidade e confiança;50.1;Quais foram as melhorias obtidas na legitimidade ou confiança institucional a partir das ações ou iniciativas de inovação? Se responde a pergunta 50.;Marque todas as opções correspondentes. A. Melhorias na validação e respaldo à instituição. B. Melhorias na confiança do usuário em relação à instituição. C. Melhorias na validação e respaldo de um produto ou serviço. D. Melhorias na confiança do usuário sobre um produto ou serviço. E. Outra(s), qual(is)? Marque todas as opções correspondentes.;Baixa;;
chile;2025;Resultados;0;Gestão da experiência do usuário;0;Legitimidade e confiança;51;Durante o período de medição, a instituição recebeu algum tipo de validação ou reconhecimento externo relacionado à legitimidade ou confiança devido a ações e iniciativas de inovação?;"Resposta única. A. Sim; B. Não";Méida;;Informação adicional Necessária. 
chile;2025;Resultados;0;Gestão da experiência do usuário;0;Compreensão e utilidade;52;Durante o período de medição, a instituição melhorou o entendimento das pessoas usuárias sobre seus produtos ou serviços como resultado das ações ou iniciativas de inovação? ;"Resposta única. A. Sim; B. Não (Ir para a questão 53)";Média;;
chile;2025;Resultados;0;Gestão da experiência do usuário;0;Compreensão e utilidade;52.1;Quais foram os efeitos no entendimento das pessoas usuárias obtidos a partir das ações ou iniciativas de inovação?  Se respondeu a pergunta anterior. ;Marque todas as opções correspondentes. A. Melhorou-se a clareza da linguagem utilizada na informação do serviço ou produto. B. Melhorou-se a organização da apresentação ou estrutura da informação, facilitando sua compreensão. C. Melhoraram-se os apoios, incorporando novos formatos (infográficos, vídeos, exemplos). D. Outros, qual(is)? Marque todas as opções correspondentes.;Baixa;;
chile;2025;Resultados;0;Gestão da experiência do usuário;0;Compreensão e utilidade;53;Durante o período de medição, a instituição melhorou a facilidade de uso de seus produtos ou serviços como resultado das ações ou iniciativas de inovação? ;"Resposta única. A. Sim; B. Não (Ir para a questão 54)";Média;;
chile;2025;Resultados;0;Gestão da experiência do usuário;0;Compreensão e utilidade;53.1;Qual foi o efeito na facilidade de uso obtido a partir das ações ou iniciativas de inovação? ;Marque todas as opções correspondentes. A. Diminuiu o número de passos necessários para acessar o serviço ou produto. B. Simplificaram-se os requisitos ou formulários para acessar o serviço ou produto. C. Melhorou-se a orientação com guias de uso ou ajudas interativas. D. Outro(s), qual(is)? Marque todas as opções correspondentes.;Baixa;;
chile;2025;Resultados;0;Gestão da experiência do usuário;0;Compreensão e utilidade;54;Durante o período de medição, a instituição melhorou o cumprimento do objetivo de seus produtos ou serviços como resultado das ações ou iniciativas de inovação?;"Resposta única. A. Sim; B. Não (Ir para a questão 55)";Baixa;;
chile;2025;Resultados;0;Gestão da experiência do usuário;0;Compreensão e utilidade;54.1;Quais foram os efeitos no cumprimento dos objetivos de seus produtos ou serviços obtidos a partir das ações ou iniciativas de inovação? ;Marque todas as opções correspondentes. A. Aumentou a taxa de resolução bem-sucedida das solicitações. B. Diminuiu a proporção de trâmites inconclusos ou rejeitados. C. Reduziram-se os tempos médios para que os usuários concluíssem o uso do serviço ou produto. D. Outros, qual(is)? Marque todas as opções correspondentes.;Baixa;;
chile;2025;Resultados;0;Transformação organizacional;0;Satisfação dos funcionários;55;Durante o período de medição, a instituição melhorou o comprometimento das pessoas funcionárias como resultado das ações ou iniciativas de inovação? escala de ponderação;"Resposta única. A. Sim; B. Não (Ir para a questão 56)";Baixa;;
chile;2025;Resultados;0;Transformação organizacional;0;Satisfação dos funcionários;55.1;Quais foram os efeitos no comprometimento das pessoas funcionárias obtidos a partir das ações ou iniciativas de inovação? ;Marque todas as opções correspondentes. A. Aumento da participação voluntária em atividades estratégicas ou de melhoria institucional. B. Aumento da confiança dos funcionários na gestão institucional. C. Maior disposição para colaborar em processos de mudança ou redesenho. D. Outros, qual(is)? Marque todas as opções correspondentes.;Baixa;;
chile;2025;Resultados;0;Transformação organizacional;0;Satisfação dos funcionários;56;Durante o período de medição, a instituição melhorou a colaboração entre as pessoas funcionárias como resultado das ações ou iniciativas de inovação? ;"Resposta única. A. Sim; B. Não (Ir para a questão 57)";Baixa;;
chile;2025;Resultados;0;Transformação organizacional;0;Satisfação dos funcionários;56.1;Quais efeitos foram observados na colaboração entre as pessoas funcionárias a partir das ações ou iniciativas de inovação? ;Marque todas as opções correspondentes. A. Criação de equipes interáreas ou interfuncionais para enfrentar desafios. B. Maior presença de dinâmicas de colaboração entre níveis hierárquicos. C. Maior uso de ferramentas para trabalho colaborativo. D. Outros, qual(is)? ;Baixa;;
chile;2025;Resultados;0;Transformação organizacional;0;Satisfação dos funcionários;57;Durante o período medido, a instituição melhorou a satisfação das pessoas funcionárias como resultado das ações ou iniciativas de inovação?;"Resposta única. A. Sim; B. Não (Ir para a questão 57)";Baixa;;
chile;2025;Resultados;0;Transformação organizacional;0;Satisfação dos funcionários;57.1;Quais efeitos foram observados na satisfação das pessoas funcionárias a partir das ações ou iniciativas de inovação? ;Marque todas as opções correspondentes. A. Aumento da motivação com as tarefas institucionais. B. Melhoria no ambiente de trabalho e nas dinâmicas de trabalho em equipe. C. Maior disposição a participar de processos de mudança. D. Redução das resistências ao uso de novas ferramentas ou metodologias. E. Aumento da percepção de reconhecimento pelo trabalho realizado. D. Outros, qual(is)? ;Baixa;;
chile;2025;Resultados;0;Gestão da experiência do usuário;0;Cultura da inovação;58;Durante o período medido, a instituição observou efeitos na cultura organizacional como resultado das ações ou iniciativas de inovação implementadas?;"Resposta única. A. Sim; B. Não (Ir para a questão 59)";Baixa;;
chile;2025;Resultados;0;Transformação organizacional;0;Cultura da inovação;58.1;Quais efeitos foram observados na abertura institucional à mudança após a implementação de ações ou iniciativas de inovação;Marque todas as opções correspondentes. A. Maior disposição das equipes para participar de redesenhos ou melhorias de processos, produtos ou serviços. B. Aumento no número de propostas inovadoras levantadas por equipes internas. C. Criação de espaços ou rotinas para explorar novas soluções ou enfoques. D. Outros, qual(is)? E. Nenhuma das anteriores. ;Baixa;;
chile;2025;Resultados;0;Transformação organizacional;0;Cultura da inovação;58.2;Quais efeitos foram observados na criatividade institucional após a implementação de ações de inovação? ;Marque todas as opções correspondentes. A. Aumentou a geração de novas ideias ou propostas para melhorar processos, serviços ou produtos. B. Aumentou o desenvolvimento de protótipos de solução. C. Aumentaram os mecanismos de abertura e criatividade, como concursos internos de inovação. D. Outros, qual(is)? E. Nenhuma das anteriores. ;Média;;
chile;2025;Resultados;0;Transformação organizacional;0;Cultura da inovação;58.3;Quais efeitos foram observados em relação ao uso de novas metodologias pelas pessoas funcionárias após a implementação de ações ou iniciativas de inovação? Se respondeu a pregunta 58;Marque todas as opções correspondentes. A. Aumento de pessoas funcionárias treinadas em novas metodologias. B. Maior presença de ciclos para investigação de problemas complexos. C. Maior diversidade de perfis envolvidos nas ações ou iniciativas de inovação. D. Outros, qual(is)? E. Nenhuma das anteriores. ;Média;;
chile;2025;Resultados;0;Transformação organizacional;0;Surgimento de liderança;59;Durante o período medido, a instituição observou efeitos nas lideranças como resultado das ações ou iniciativas de inovação implementadas?;"Resposta única. A. Sim; B. Não ";Média;;
chile;2025;Resultados;0;Transformação organizacional;0;Surgimento de liderança;59.1;Quais efeitos foram observados nas lideranças novas ou existentes após a implementação de ações ou iniciativas de inovação? ;Marque todas as opções correspondentes. A. Maior envolvimento das pessoas em iniciativas de mudança. B. Maior dinamismo na implementação de melhorias. C. Maior replicabilidade de práticas ou ferramentas promovidas pelas lideranças. D. Outros, qual(is)? ;Média;;
;;;;;;;;;;;;
;;;;;;;;;;;;
;;;;;;;;;;;;
;;;;;;;;;;;;
;;;;;;;;;;;;
;;;;;;;;;;;;
;;;;;;;;;;;;
;;;;;;;;;;;;
;;;;;;;;;;;;
;;;;;;;;;;;;
;;;;;;;;;;;;
;;;;;;;;;;;;
;;;;;;;;;;;;
;;;;;;;;;;;;
;;;;;;;;;;;;